user_id,interaction_count,unique_products,average_rating,total_votes
0,201,201,4.57,798
1,225,225,4.9,527
10,270,270,3.93,1709
100,1011,1011,4.71,12444
1000,268,268,4.18,720
1001,275,275,3.47,885
1002,176,176,3.84,744
1003,181,181,4.55,1084
1004,261,261,4.3,1165
1005,210,210,3.84,1004
1006,549,549,4.19,8967
1007,161,161,3.01,313
1008,192,192,4.42,5156
1009,168,168,3.78,622
101,288,288,4.43,6069
1010,167,167,4.37,560
1011,262,262,3.91,334
1012,522,522,4.63,4376
1013,297,297,3.58,3081
1014,546,546,4.69,2625
1015,462,462,2.43,3295
1016,177,177,4.56,539
1017,153,153,4.56,413
1018,185,185,4.36,1856
1019,500,500,4.66,1536
102,171,171,2.32,1490
1020,153,153,4.14,537
1021,198,198,4.79,341
1022,281,281,3.02,2192
1023,380,380,4.25,2082
1024,365,365,3.44,932
1025,227,227,4.02,1729
1026,159,159,3.81,972
1027,192,192,4.58,1311
1028,287,287,4.07,2587
1029,158,158,4.19,289
103,487,487,4.79,4324
1030,138,138,4.43,2204
1031,155,155,4.1,1115
1032,225,225,4.76,1684
1033,131,131,3.95,1690
1034,213,213,3.15,1083
1035,164,164,4.49,2459
1036,283,283,5.0,2090
1037,356,356,3.81,5401
1038,186,186,4.35,420
1039,162,162,4.1,538
104,286,286,4.05,926
1040,606,606,4.01,4146
1041,144,144,3.34,735
1042,160,160,4.47,1725
1043,714,714,4.34,5067
1044,208,208,4.74,2606
1045,110,110,4.42,225
1046,472,472,4.54,2239
1047,327,327,4.54,1374
1048,217,217,4.4,912
1049,199,199,3.62,1406
105,150,150,4.01,347
1050,152,152,3.37,815
1051,591,591,4.38,6182
1052,212,212,4.4,810
1053,165,165,4.42,1692
1054,149,149,4.71,980
1055,145,145,4.32,1265
1056,693,693,4.61,5649
1057,584,584,3.88,2329
1058,77,77,3.42,790
1059,352,352,4.03,2266
106,402,402,4.5,3896
1060,168,168,4.49,1147
1061,154,154,3.44,1378
1062,490,490,4.75,2252
1063,208,208,3.68,2602
1064,773,773,4.08,3997
1065,242,242,3.98,1669
1066,181,181,4.97,849
1067,185,185,4.52,2571
1068,158,158,3.61,644
1069,293,293,4.44,731
107,368,368,4.33,2266
1070,154,154,3.59,1210
1071,262,262,3.25,1513
1072,194,194,4.44,765
1073,173,173,4.41,606
1074,234,234,3.88,2016
1075,599,599,4.32,10097
1076,660,660,3.24,5632
1077,218,218,3.69,735
1078,164,164,4.81,982
1079,188,188,4.43,3138
108,174,174,4.16,1104
1080,503,503,4.11,2180
1081,511,511,3.06,6829
1082,161,161,4.91,424
1083,335,335,4.3,887
1084,1189,1189,4.39,4987
1085,161,161,4.43,1447
1086,186,186,4.13,658
1087,149,149,4.58,1356
1088,699,699,4.59,7829
1089,401,401,3.74,2882
109,202,202,3.87,2292
1090,462,462,2.48,2591
1091,317,317,4.09,1442
1092,176,176,4.03,570
1093,391,391,3.62,2677
1094,239,239,4.31,2013
1095,168,168,5.0,386
1096,316,316,3.41,1245
1097,198,198,4.52,1360
1098,886,886,2.8,4625
1099,144,144,3.65,2320
11,140,140,4.66,251
110,1148,1148,4.37,21868
1100,143,143,4.46,999
1101,182,182,3.58,758
1102,215,215,4.23,476
1103,212,212,4.39,654
1104,419,419,4.0,2628
1105,205,205,4.16,1481
1106,206,206,4.59,489
1107,341,341,4.11,1074
1108,390,390,4.19,2965
1109,512,512,4.55,4048
111,320,320,3.7,1814
1110,485,485,4.39,1529
1111,98,98,4.66,143
1112,136,136,4.44,422
1113,760,760,4.08,8087
1114,502,502,4.96,746
1115,227,227,3.92,1315
1116,166,166,4.59,2893
1117,205,205,4.45,539
1118,148,148,4.8,383
1119,239,239,4.5,1890
112,157,157,3.3,291
1120,171,171,3.71,616
1121,151,151,3.46,1906
1122,156,156,4.3,237
1123,205,205,4.29,1087
1124,262,262,4.58,1219
1125,203,203,4.49,955
1126,362,362,4.77,1184
1127,320,320,4.03,1001
1128,369,369,4.83,632
1129,251,251,4.51,604
113,379,379,4.37,7481
1130,421,421,3.97,1424
1131,176,176,3.43,6269
1132,236,236,4.42,3260
1133,622,622,3.63,3885
1134,171,171,3.27,929
1135,206,206,3.95,823
1136,247,247,3.88,1566
1137,195,195,3.13,637
1138,216,216,3.93,2403
1139,193,193,3.88,1842
114,147,147,4.58,1367
1140,167,167,2.99,1660
1141,158,158,4.01,924
1142,249,249,4.45,1082
1143,211,211,4.12,551
1144,522,522,4.5,6083
1145,343,343,3.45,1763
1146,212,212,3.02,1173
1147,212,212,4.39,2059
1148,147,147,4.67,3013
1149,152,152,4.38,379
115,224,224,4.76,2042
1150,234,234,4.71,871
1151,174,174,4.73,1707
1152,191,191,4.51,861
1153,432,432,4.64,2904
1154,236,236,4.49,1054
1155,193,193,3.88,970
1156,177,177,3.39,360
1157,337,337,4.6,2166
1158,173,173,4.3,3267
1159,217,217,4.2,2976
116,215,215,3.75,1297
1160,235,235,4.06,847
1161,156,156,4.34,698
1162,1131,1131,4.23,34430
1163,331,331,4.09,3927
1164,271,271,4.17,3286
1165,230,230,4.15,2797
1166,161,161,4.04,756
1167,454,454,4.17,3299
1168,155,155,4.06,402
1169,243,243,4.09,834
117,279,279,4.51,3053
1170,438,438,4.82,3887
1171,156,156,4.15,496
1172,145,145,4.06,387
1173,162,162,4.43,745
1174,191,191,4.69,1629
1175,240,240,3.82,750
1176,161,161,4.01,561
1177,155,155,3.86,1826
1178,570,570,4.14,1923
1179,951,951,3.98,8220
118,252,252,4.45,928
1180,177,177,3.33,1262
1181,359,359,4.43,2529
1182,187,187,4.37,680
1183,384,384,4.26,1016
1184,131,131,4.89,261
1185,180,180,4.07,1188
1186,365,365,4.08,2112
1187,195,195,4.33,3874
1188,274,274,4.62,616
1189,404,404,4.18,1030
119,232,232,4.28,3749
1190,219,219,3.9,2231
1191,200,200,4.61,435
1192,152,152,3.97,799
1193,143,143,4.76,1011
1194,454,454,4.83,2862
1195,232,232,4.29,1436
1196,413,413,4.65,2812
1197,271,271,4.79,3532
1198,166,166,4.76,1715
1199,154,154,4.34,1901
12,353,353,4.56,2684
120,167,167,3.7,1245
1200,154,154,4.17,793
1201,237,237,3.54,2483
1202,208,208,4.23,3348
1203,680,680,3.67,1744
1204,164,164,3.4,1838
1205,292,292,4.71,3207
1206,142,142,4.63,713
1207,539,539,3.84,2465
1208,183,183,3.97,780
1209,251,251,4.59,1228
121,186,186,3.65,222
1210,201,201,4.1,1079
1211,401,401,4.18,1705
1212,386,386,4.09,1419
1213,353,353,4.5,12465
1214,193,193,3.26,1541
1215,193,193,3.85,2069
1216,701,701,4.52,3625
1217,174,174,3.65,676
1218,140,140,2.97,4358
1219,181,181,4.0,3872
122,260,260,4.37,406
1220,312,312,3.86,2316
1221,493,493,3.33,4015
1222,256,256,4.42,527
1223,163,163,4.48,420
1224,167,167,2.86,973
1225,336,336,3.94,2394
1226,262,262,4.71,1425
1227,227,227,4.36,1133
1228,680,680,4.19,3002
1229,330,330,4.5,4037
123,644,644,4.4,5521
1230,750,750,3.97,6199
1231,215,215,4.75,705
1232,370,370,3.48,4029
1233,146,146,3.49,1816
1234,276,276,4.76,5377
1235,535,535,4.62,10244
1236,247,247,4.23,3772
1237,447,447,4.19,6843
1238,189,189,4.12,2461
1239,318,318,4.05,1363
124,179,179,4.7,719
1240,217,217,4.58,1673
1241,335,335,3.48,2038
1242,197,197,4.98,8753
1243,323,323,4.57,2460
1244,173,173,3.86,1127
1245,227,227,4.08,1005
1246,152,152,4.34,611
1247,202,202,3.53,882
1248,255,255,2.63,2196
1249,137,137,2.5,814
125,172,172,4.16,350
1250,519,519,4.44,2695
1251,223,223,4.29,3086
1252,529,529,3.53,1547
1253,158,158,4.28,357
1254,185,185,3.77,673
1255,412,412,3.72,6530
1256,176,176,4.88,1027
1257,142,142,4.18,526
1258,178,178,4.61,2139
1259,614,614,4.39,3071
126,395,395,4.45,3066
1260,630,630,3.81,3566
1261,141,141,4.14,478
1262,362,362,4.21,4854
1263,169,169,4.22,689
1264,202,202,4.2,1991
1265,368,368,4.03,1868
1266,232,232,3.78,947
1267,319,319,4.86,2038
1268,218,218,3.6,1612
1269,218,218,4.43,1584
127,190,190,4.13,987
1270,252,252,4.76,911
1271,142,142,4.32,1939
1272,275,275,4.51,7308
1273,530,530,3.76,2909
1274,301,301,3.6,4650
1275,327,327,4.31,1512
1276,181,181,1.85,689
1277,655,655,4.62,9354
1278,359,359,4.38,988
1279,185,185,3.68,1216
128,437,437,3.86,3665
1280,187,187,4.98,3420
1281,148,148,4.2,2054
1282,286,286,3.83,1589
1283,151,151,4.31,246
1284,146,146,3.58,613
1285,594,594,4.26,3812
1286,653,653,4.86,2141
1287,200,200,3.92,724
1288,413,413,4.45,1749
1289,577,577,3.92,2033
129,453,453,3.86,2807
1290,138,138,3.85,781
1291,620,620,4.71,4807
1292,201,201,3.48,587
1293,162,162,4.38,1658
1294,163,163,4.33,268
1295,785,785,4.7,2851
1296,501,501,3.55,3224
1297,279,279,4.42,1369
1298,203,203,3.92,293
1299,420,420,4.33,6553
13,532,532,4.24,6044
130,324,324,4.38,1062
1300,149,149,4.48,435
1301,147,147,4.36,430
1302,167,167,4.68,1664
1303,465,465,4.37,7953
1304,100,100,4.43,182
1305,274,274,4.89,2293
1306,165,165,3.55,3873
1307,137,137,3.42,791
1308,160,160,3.22,1684
1309,198,198,2.55,2070
131,180,180,4.01,2283
1310,285,285,4.71,8613
1311,156,156,4.95,972
1312,195,195,4.04,1525
1313,309,309,4.01,6815
1314,322,322,4.73,1532
1315,221,221,3.76,933
1316,277,277,3.66,1411
1317,166,166,3.49,1194
1318,195,195,4.82,2479
1319,165,165,3.92,940
132,220,220,4.2,1025
1320,234,234,4.42,1186
1321,350,350,4.67,803
1322,206,206,3.85,374
1323,143,143,4.06,1450
1324,169,169,4.74,993
1325,255,255,4.52,1622
1326,247,247,4.18,809
1327,163,163,4.27,1205
1328,196,196,4.21,1439
1329,668,668,4.31,4829
133,156,156,4.42,683
1330,193,193,3.62,1294
1331,243,243,3.87,2023
1332,138,138,4.12,890
1333,281,281,4.57,615
1334,892,892,4.65,14554
1335,148,148,3.95,633
1336,1499,1499,4.49,13659
1337,223,223,4.55,2916
1338,108,108,4.02,683
1339,326,326,3.98,983
134,215,215,3.84,579
1340,156,156,4.57,1136
1341,203,203,4.06,434
1342,197,197,3.76,601
1343,171,171,4.23,759
1344,189,189,4.24,546
1345,208,208,4.52,1656
1346,498,498,4.58,1908
1347,296,296,3.05,1970
1348,260,260,3.17,1464
1349,176,176,3.99,1448
135,166,166,3.99,1546
1350,146,146,4.65,561
1351,145,145,4.52,998
1352,229,229,4.31,608
1353,682,682,3.92,3840
1354,215,215,2.87,546
1355,322,322,3.83,2027
1356,211,211,3.92,891
1357,282,282,3.15,1904
1358,1778,1778,4.01,5577
1359,251,251,4.72,2547
136,363,363,3.88,1352
1360,1028,1028,4.75,13348
1361,184,184,4.07,637
1362,326,326,4.53,1469
1363,189,189,4.52,1601
1364,159,159,3.81,1717
1365,288,288,2.45,3118
1366,159,159,3.72,1067
1367,273,273,4.52,1624
1368,236,236,4.47,832
1369,188,188,4.56,1989
137,603,603,4.62,1552
1370,147,147,4.26,1190
1371,713,713,2.92,5838
1372,405,405,4.58,3702
1373,236,236,3.82,2057
1374,220,220,4.01,1193
1375,956,956,3.96,5677
1376,204,204,3.73,2697
1377,193,193,4.79,340
1378,664,664,4.64,9478
1379,429,429,3.83,9805
138,587,587,2.85,3702
1380,273,273,4.6,1539
1381,236,236,3.64,1617
1382,354,354,3.96,1666
1383,191,191,4.83,1067
1384,289,289,4.14,3192
1385,477,477,4.39,3639
1386,374,374,4.11,2406
1387,227,227,3.96,503
1388,198,198,3.84,1274
1389,218,218,4.51,894
139,201,201,4.76,763
1390,220,220,4.6,799
1391,192,192,4.59,998
1392,236,236,4.43,1126
1393,381,381,4.11,3785
1394,542,542,4.51,1726
1395,260,260,5.0,725
1396,157,157,3.54,664
1397,208,208,3.5,1832
1398,329,329,4.31,6909
1399,455,455,4.25,4646
14,139,139,3.81,1175
140,407,407,4.1,2049
1400,219,219,4.12,1218
1401,158,158,4.61,1521
1402,294,294,4.57,3539
1403,627,627,4.05,4633
1404,306,306,3.8,2999
1405,186,186,3.74,1566
1406,218,218,4.45,3408
1407,263,263,4.45,2057
1408,692,692,3.48,6596
1409,663,663,4.53,4221
141,314,314,4.23,1165
1410,464,464,4.03,1371
1411,169,169,3.22,1609
1412,293,293,3.31,1432
1413,169,169,4.31,1014
1414,1433,1433,3.93,6647
1415,306,306,4.55,584
1416,312,312,4.08,2141
1417,188,188,4.74,908
1418,445,445,4.76,3123
1419,560,560,4.05,2392
142,157,157,4.13,2618
1420,148,148,4.42,1804
1421,152,152,4.8,2501
1422,307,307,4.64,850
1423,277,277,4.61,2990
1424,227,227,4.04,605
1425,159,159,3.06,1754
1426,188,188,4.38,2265
1427,284,284,4.21,2037
1428,235,235,4.41,1662
1429,224,224,4.45,543
143,445,445,4.55,3326
1430,178,178,4.59,4214
1431,226,226,1.85,5131
1432,150,150,3.01,2447
1433,283,283,4.43,2241
1434,193,193,3.39,555
1435,140,140,4.77,282
1436,1316,1316,4.02,23746
1437,231,231,4.42,3305
1438,359,359,3.43,2233
1439,222,222,4.42,843
144,240,240,4.28,4752
1440,1393,1393,4.59,11815
1441,150,150,4.93,563
1442,181,181,4.18,762
1443,252,252,4.56,2556
1444,654,654,4.09,4920
1445,250,250,4.52,7595
1446,162,162,4.4,1239
1447,146,146,3.95,1051
1448,193,193,4.6,1657
1449,199,199,4.39,478
145,173,173,4.24,640
1450,178,178,4.64,673
1451,368,368,4.65,1233
1452,153,153,4.55,380
1453,208,208,4.17,1365
1454,177,177,4.12,1852
1455,414,414,4.98,1524
1456,593,593,3.93,5051
1457,143,143,4.43,573
1458,175,175,4.21,2605
1459,189,189,4.3,857
146,240,240,4.7,585
1460,173,173,3.44,506
1461,170,170,4.29,367
1462,389,389,3.69,3427
1463,172,172,3.99,1351
1464,276,276,4.18,2367
1465,349,349,3.92,946
1466,690,690,4.6,1829
1467,268,268,4.84,3340
1468,217,217,4.56,375
1469,225,225,4.78,665
147,158,158,4.49,2186
1470,166,166,3.86,1853
1471,202,202,4.09,2628
1472,247,247,4.56,10176
1473,1086,1086,4.4,22873
1474,220,220,3.5,2442
1475,175,175,4.53,1176
1476,228,228,4.43,1078
1477,141,141,3.64,632
1478,244,244,3.64,647
1479,137,137,4.5,265
148,228,228,4.52,525
1480,214,214,3.67,634
1481,176,176,3.89,528
1482,210,210,4.37,519
1483,151,151,3.99,409
1484,191,191,4.37,536
1485,436,436,4.4,2344
1486,204,204,4.14,2267
1487,149,149,3.8,810
1488,154,154,4.4,881
1489,221,221,4.37,3325
149,205,205,2.29,1587
1490,319,319,4.36,1689
1491,169,169,3.52,3534
1492,185,185,3.69,793
1493,169,169,4.44,1846
1494,191,191,4.0,3337
1495,403,403,2.9,2318
1496,360,360,4.18,805
1497,350,350,4.42,817
1498,966,966,4.53,4259
1499,167,167,4.39,1875
15,178,178,4.47,4452
150,432,432,4.16,6813
1500,150,150,4.39,567
1501,421,421,4.64,2184
1502,28404,28404,4.31,103484
1503,284,284,4.25,1970
1504,308,308,4.56,2455
1505,162,162,3.83,1759
1506,200,200,4.32,4530
1507,450,450,4.03,2304
1508,289,289,3.61,2295
1509,486,486,4.41,2104
151,170,170,4.29,1141
1510,151,151,3.5,985
1511,202,202,4.23,1702
1512,187,187,4.03,1811
1513,289,289,4.08,1475
1514,154,154,3.04,1089
1515,141,141,3.74,552
1516,146,146,4.04,296
1517,239,239,3.71,646
1518,372,372,4.85,935
1519,527,527,3.85,2120
152,171,171,3.88,2702
1520,187,187,4.39,645
1521,173,173,3.95,531
1522,366,366,4.11,1504
1523,427,427,4.33,2081
1524,233,233,4.76,1084
1525,177,177,4.51,2165
1526,246,246,4.7,1135
1527,663,663,4.46,5900
1528,381,381,3.96,2774
1529,164,164,3.75,1538
153,470,470,3.93,1070
1530,442,442,4.29,2021
1531,612,612,4.23,3446
1532,217,217,4.52,1318
1533,251,251,4.55,1253
1534,201,201,3.56,1437
1535,292,292,3.22,696
1536,249,249,3.92,1076
1537,163,163,4.45,1228
1538,280,280,4.16,2610
1539,393,393,4.32,5436
154,236,236,4.08,826
1540,658,658,5.0,6108
1541,230,230,4.08,970
1542,229,229,2.89,4317
1543,200,200,3.65,1077
1544,286,286,4.46,1476
1545,144,144,4.93,360
1546,164,164,2.88,1663
1547,349,349,3.38,2599
1548,135,135,4.11,317
1549,281,281,4.56,3112
155,786,786,3.3,7286
1550,182,182,3.85,426
1551,342,342,4.55,1868
1552,233,233,5.0,1672
1553,169,169,4.51,408
1554,134,134,4.42,871
1555,164,164,4.47,672
1556,165,165,4.52,1376
1557,157,157,4.59,893
1558,270,270,4.37,1406
1559,135,135,4.43,481
156,397,397,4.29,4686
1560,739,739,4.14,2703
1561,525,525,4.26,4169
1562,212,212,3.96,1995
1563,144,144,3.88,1168
1564,158,158,4.56,682
1565,157,157,4.58,345
1566,157,157,4.58,580
1567,160,160,3.58,887
1568,195,195,3.78,711
1569,188,188,4.38,1236
157,322,322,3.3,1834
1570,228,228,4.54,561
1571,169,169,3.66,1292
1572,300,300,3.13,800
1573,231,231,4.5,1815
1574,313,313,4.73,3539
1575,798,798,4.28,5576
1576,951,951,3.47,2438
1577,171,171,3.7,670
1578,203,203,4.33,4681
1579,138,138,4.83,5481
158,205,205,3.33,1210
1580,302,302,3.65,1190
1581,631,631,3.39,3285
1582,504,504,4.41,7611
1583,332,332,4.11,2295
1584,556,556,4.54,9685
1585,153,153,3.71,638
1586,292,292,3.59,1087
1587,155,155,4.48,1058
1588,167,167,4.3,1591
1589,292,292,4.33,6242
159,145,145,3.88,686
1590,147,147,4.48,264
1591,275,275,4.28,1597
1592,201,201,4.69,1448
1593,295,295,4.95,753
1594,175,175,4.38,3021
1595,302,302,4.52,1665
1596,1310,1310,4.15,16423
1597,221,221,4.01,2900
1598,340,340,3.44,3042
1599,192,192,4.98,1653
16,320,320,3.92,680
160,230,230,3.41,680
1600,169,169,4.44,358
1601,137,137,4.7,3096
1602,218,218,4.72,1913
1603,161,161,5.0,574
1604,307,307,4.59,1749
1605,261,261,4.33,446
1606,470,470,3.45,1023
1607,151,151,4.04,1698
1608,335,335,4.6,4893
1609,3437,3437,3.81,19178
161,662,662,4.35,5970
1610,186,186,3.99,1546
1611,242,242,4.31,4362
1612,139,139,2.42,481
1613,208,208,4.02,844
1614,161,161,4.7,1021
1615,151,151,4.32,706
1616,248,248,4.33,869
1617,364,364,3.3,1344
1618,288,288,4.33,1328
1619,367,367,3.91,1101
162,455,455,4.11,2449
1620,268,268,4.29,1917
1621,225,225,3.78,901
1622,139,139,4.78,357
1623,272,272,3.37,3584
1624,160,160,4.77,932
1625,199,199,4.33,406
1626,208,208,3.74,695
1627,234,234,4.84,2182
1628,169,169,3.53,1140
1629,835,835,4.47,3065
163,175,175,4.07,848
1630,194,194,4.47,1475
1631,222,222,1.95,2113
1632,145,145,4.6,306
1633,218,218,4.39,1390
1634,180,180,4.16,752
1635,179,179,4.43,1091
1636,744,744,4.51,3966
1637,295,295,4.82,11408
1638,1004,1004,4.18,15902
1639,653,653,3.31,4511
164,512,512,4.36,2521
1640,181,181,4.28,2526
1641,240,240,4.42,449
1642,193,193,3.46,2810
1643,154,154,3.88,1429
1644,137,137,3.41,206
1645,170,170,3.99,579
1646,240,240,4.44,796
1647,716,716,3.81,6479
1648,347,347,3.63,1193
1649,148,148,4.7,1703
165,361,361,4.34,1703
1650,198,198,4.78,1096
1651,205,205,4.71,880
1652,141,141,3.43,1651
1653,35,35,4.03,59
1654,161,161,3.89,397
1655,296,296,3.31,1578
1656,149,149,4.83,134
1657,162,162,4.49,793
1658,1080,1080,4.08,14201
1659,243,243,4.79,1273
166,194,194,4.08,472
1660,150,150,3.65,1422
1661,155,155,3.46,343
1662,178,178,4.12,1009
1663,242,242,4.69,702
1664,171,171,4.02,1953
1665,179,179,4.12,711
1666,151,151,3.93,1555
1667,173,173,4.31,508
1668,514,514,4.12,3894
1669,179,179,4.83,1731
167,165,165,4.06,558
1670,498,498,3.8,3623
1671,236,236,4.25,1067
1672,238,238,3.42,1234
1673,252,252,4.34,1426
1674,174,174,3.4,2483
1675,173,173,3.9,529
1676,162,162,3.81,398
1677,362,362,3.98,2605
1678,382,382,4.77,1244
1679,253,253,3.68,1648
168,139,139,4.58,532
1680,378,378,4.63,3926
1681,235,235,4.37,893
1682,165,165,4.41,1227
1683,191,191,4.45,917
1684,169,169,3.7,884
1685,152,152,4.37,962
1686,168,168,4.42,1534
1687,169,169,4.55,928
1688,193,193,3.73,2036
1689,280,280,4.74,689
169,212,212,4.0,599
1690,210,210,2.17,1461
1691,297,297,3.98,2612
1692,244,244,4.46,1003
1693,178,178,2.57,781
1694,234,234,3.7,389
1695,324,324,4.45,632
1696,339,339,4.48,4031
1697,209,209,4.3,1100
1698,210,210,4.48,892
1699,205,205,4.1,1028
17,174,174,4.43,1040
170,194,194,4.39,894
1700,203,203,4.15,727
1701,419,419,4.8,3387
1702,225,225,4.24,438
1703,225,225,4.86,961
1704,143,143,4.5,1709
1705,156,156,4.4,256
1706,211,211,4.7,495
1707,179,179,4.72,1832
1708,215,215,4.1,2668
1709,148,148,4.88,3528
171,233,233,4.89,6534
1710,142,142,3.79,1081
1711,205,205,4.43,1552
1712,172,172,4.38,1978
1713,241,241,3.78,1662
1714,212,212,3.46,2117
1715,163,163,4.12,866
1716,4260,4260,4.75,51996
1717,213,213,4.51,615
1718,584,584,4.19,3803
1719,190,190,3.88,205
172,166,166,4.61,624
1720,236,236,4.06,1781
1721,172,172,4.34,1217
1722,169,169,4.28,876
1723,209,209,4.77,1635
1724,158,158,4.76,1058
1725,176,176,3.71,1145
1726,239,239,3.6,920
1727,206,206,4.53,2438
1728,358,358,4.49,2752
1729,161,161,4.25,811
173,196,196,2.28,2205
1730,149,149,4.25,543
1731,151,151,3.26,1359
1732,193,193,3.93,1185
1733,268,268,3.17,1430
1734,194,194,4.83,1408
1735,295,295,4.49,5412
1736,142,142,3.77,1334
1737,210,210,4.39,727
1738,242,242,4.68,3002
1739,153,153,4.2,1066
174,491,491,4.25,2139
1740,292,292,4.23,1612
1741,175,175,4.1,3489
1742,156,156,3.95,441
1743,654,654,4.49,3518
1744,1000,1000,4.8,3144
1745,203,203,4.57,1242
1746,295,295,3.98,721
1747,314,314,4.11,1404
1748,550,550,4.29,4032
1749,740,740,4.53,6910
175,514,514,4.4,1862
1750,451,451,4.01,4416
1751,283,283,4.53,768
1752,191,191,3.93,2404
1753,593,593,4.56,3623
1754,758,758,3.73,6496
1755,277,277,3.98,2711
1756,165,165,3.15,1069
1757,148,148,4.52,1089
1758,261,261,4.45,1391
1759,557,557,4.18,3428
176,913,913,4.74,7789
1760,234,234,4.69,4903
1761,155,155,4.58,618
1762,256,256,4.45,2208
1763,492,492,4.48,1484
1764,402,402,4.03,938
1765,223,223,4.39,3185
1766,361,361,4.18,2111
1767,162,162,4.54,720
1768,209,209,4.78,610
1769,247,247,3.66,3085
177,174,174,3.55,490
1770,640,640,4.44,7188
1771,167,167,4.64,975
1772,354,354,3.99,544
1773,138,138,4.01,544
1774,1195,1195,4.02,4118
1775,577,577,4.69,3851
1776,179,179,4.06,1010
1777,197,197,3.88,3847
1778,299,299,3.39,2377
1779,444,444,4.01,2456
178,442,442,4.32,3787
1780,189,189,4.58,792
1781,174,174,4.49,645
1782,310,310,3.62,1889
1783,245,245,4.71,2214
1784,383,383,4.19,2278
1785,689,689,4.28,1680
1786,444,444,4.49,8048
1787,219,219,3.89,1758
1788,203,203,4.05,1171
1789,197,197,4.59,520
179,223,223,4.32,2127
1790,161,161,4.2,1436
1791,150,150,4.24,540
1792,96,96,3.8,413
1793,204,204,4.07,628
1794,896,896,4.66,4806
1795,309,309,4.54,1618
1796,162,162,3.73,610
1797,154,154,4.18,249
1798,395,395,3.46,2784
1799,236,236,4.17,1149
18,362,362,4.14,5015
180,167,167,4.67,1052
1800,215,215,4.38,1119
1801,293,293,4.59,3286
1802,440,440,4.08,3239
1803,586,586,4.49,1956
1804,440,440,3.88,2144
1805,218,218,3.7,667
1806,147,147,4.6,474
1807,264,264,4.37,1552
1808,518,518,3.47,6487
1809,1019,1019,4.66,32612
181,531,531,4.32,9696
1810,279,279,3.75,1668
1811,324,324,4.44,991
1812,283,283,4.67,807
1813,556,556,4.25,4232
1814,252,252,3.98,1158
1815,177,177,4.19,718
1816,172,172,3.95,594
1817,485,485,4.53,1809
1818,297,297,3.9,1451
1819,157,157,4.79,1036
182,600,600,4.79,1655
1820,151,151,3.85,1497
1821,300,300,4.68,745
1822,251,251,4.12,5459
1823,1002,1002,4.44,4665
1824,305,305,4.19,758
1825,159,159,4.41,390
1826,358,358,3.94,1670
1827,210,210,4.45,1264
1828,178,178,3.98,449
1829,239,239,3.62,677
183,155,155,4.31,651
1830,221,221,4.33,771
1831,154,154,3.92,539
1832,146,146,3.54,435
1833,493,493,3.82,1868
1834,207,207,3.25,1052
1835,171,171,3.04,2489
1836,387,387,4.01,1575
1837,142,142,3.38,1210
1838,358,358,3.92,1494
1839,249,249,4.01,954
184,248,248,3.7,736
1840,148,148,2.68,1649
1841,256,256,3.07,1450
1842,198,198,4.35,646
1843,161,161,4.47,2420
1844,389,389,4.45,4738
1845,225,225,3.38,1072
1846,130,130,4.56,381
1847,219,219,4.38,518
1848,187,187,3.7,1187
1849,152,152,4.8,1039
185,266,266,4.71,2024
1850,132,132,4.13,393
1851,153,153,4.52,1407
1852,259,259,4.93,1588
1853,677,677,3.7,1240
1854,144,144,4.46,717
1855,180,180,4.01,869
1856,133,133,4.47,744
1857,149,149,3.88,1242
1858,199,199,3.99,1105
1859,305,305,4.62,666
186,1019,1019,4.17,1476
1860,255,255,3.98,975
1861,331,331,4.56,3139
1862,161,161,3.45,1398
1863,304,304,4.52,940
1864,596,596,3.77,2435
1865,195,195,4.88,589
1866,188,188,4.83,1533
1867,271,271,4.38,1303
1868,155,155,3.97,2053
1869,143,143,4.49,739
187,209,209,4.04,870
1870,257,257,3.83,1114
1871,819,819,4.75,7872
1872,211,211,4.62,1613
1873,160,160,3.81,735
1874,169,169,4.05,146
1875,157,157,4.87,817
1876,321,321,4.7,8253
1877,138,138,4.36,292
1878,206,206,4.82,1861
1879,147,147,4.67,599
188,1653,1653,4.13,14607
1880,968,968,4.11,5513
1881,286,286,4.24,4746
1882,582,582,4.66,6782
1883,239,239,4.28,1305
1884,315,315,4.5,3051
1885,324,324,3.84,1123
1886,222,222,4.91,829
1887,283,283,4.43,730
1888,185,185,3.93,1340
1889,192,192,4.79,2163
189,153,153,3.29,401
1890,323,323,4.09,8296
1891,150,150,4.05,707
1892,505,505,4.45,8509
1893,190,190,3.21,901
1894,185,185,4.34,1308
1895,177,177,3.82,637
1896,151,151,4.46,612
1897,220,220,4.18,700
1898,153,153,3.84,4589
1899,294,294,4.72,4838
19,155,155,3.9,989
190,138,138,4.33,1979
1900,158,158,4.06,992
1901,178,178,3.88,1212
1902,232,232,4.39,1162
1903,161,161,3.93,914
1904,168,168,3.54,1301
1905,218,218,4.03,4493
1906,215,215,4.41,7534
1907,221,221,4.48,599
1908,161,161,4.57,415
1909,198,198,4.26,831
191,222,222,4.26,1507
1910,219,219,4.87,1408
1911,420,420,2.66,3473
1912,148,148,4.28,1096
1913,176,176,4.15,963
1914,442,442,3.88,2449
1915,420,420,4.89,1436
1916,112483,112483,4.46,822904
1917,149,149,4.47,2561
1918,152,152,4.34,1061
1919,242,242,4.01,2226
192,178,178,4.39,821
1920,1759,1759,2.49,13049
1921,152,152,4.07,1114
1922,179,179,4.46,541
1923,165,165,3.12,1574
1924,290,290,4.12,1919
1925,156,156,4.69,933
1926,599,599,4.69,2460
1927,602,602,4.65,4819
1928,261,261,4.16,1478
1929,564,564,3.94,3895
193,152,152,4.79,3426
1930,183,183,3.62,1756
1931,571,571,4.23,1968
1932,256,256,4.09,1060
1933,240,240,4.09,481
1934,284,284,3.13,2256
1935,154,154,4.92,662
1936,240,240,3.94,622
1937,202,202,4.18,503
1938,288,288,4.21,905
1939,180,180,4.01,1919
194,172,172,3.81,1724
1940,368,368,4.4,2059
1941,304,304,4.04,1031
1942,164,164,4.05,817
1943,353,353,4.82,4497
1944,669,669,4.2,8981
1945,289,289,4.4,2361
1946,900,900,4.39,6412
1947,223,223,3.65,846
1948,175,175,3.7,771
1949,331,331,4.41,831
195,166,166,4.23,370
1950,168,168,3.53,991
1951,415,415,4.08,1082
1952,425,425,4.54,4848
1953,182,182,4.3,589
1954,356,356,4.36,5152
1955,149,149,4.75,364
1956,142,142,4.58,2304
1957,157,157,3.83,841
1958,479,479,4.26,5684
1959,223,223,4.34,3467
196,621,621,4.36,1589
1960,179,179,4.26,451
1961,150,150,4.24,1152
1962,883,883,4.46,4100
1963,172,172,4.62,894
1964,236,236,3.05,699
1965,147,147,4.43,1544
1966,205,205,4.61,2963
1967,500,500,4.53,4493
1968,309,309,4.16,2269
1969,201,201,4.34,829
197,231,231,4.65,732
1970,171,171,4.5,1557
1971,253,253,4.68,485
1972,201,201,3.4,742
1973,122,122,4.89,296
1974,291,291,3.71,1734
1975,213,213,4.03,992
1976,222,222,4.07,2931
1977,124,124,4.0,870
1978,264,264,3.62,1184
1979,238,238,3.41,395
198,499,499,4.8,8511
1980,478,478,3.96,2665
1981,284,284,4.14,11616
1982,524,524,4.23,3168
1983,286,286,3.9,3497
1984,192,192,4.28,966
1985,153,153,4.24,563
1986,188,188,4.3,1019
1987,131,131,4.05,282
1988,170,170,3.89,2161
1989,175,175,3.84,1260
199,301,301,4.33,858
1990,365,365,4.36,838
1991,226,226,3.71,551
1992,175,175,4.49,502
1993,233,233,4.66,2204
1994,337,337,4.1,3787
1995,176,176,3.94,921
1996,159,159,4.01,1480
1997,182,182,4.0,1413
1998,203,203,4.22,814
1999,431,431,4.14,2033
2,158,158,3.82,248
20,650,650,3.97,3588
200,389,389,4.2,1750
201,108,108,4.32,1270
202,303,303,4.12,3005
203,153,153,3.59,419
204,194,194,4.17,861
205,157,157,3.43,551
206,152,152,4.43,1837
207,186,186,4.75,2423
208,393,393,4.89,5935
209,218,218,4.06,1767
21,275,275,4.13,1240
210,215,215,4.79,559
211,306,306,3.85,1063
212,411,411,3.15,1812
213,1111,1111,4.57,5979
214,654,654,4.65,2486
215,189,189,3.99,465
216,445,445,4.46,3520
217,407,407,4.7,1955
218,167,167,4.62,505
219,153,153,4.02,539
22,159,159,4.52,731
220,526,526,4.29,1895
221,173,173,4.37,2301
222,244,244,4.56,942
223,187,187,4.29,1937
224,497,497,4.64,2106
225,272,272,4.79,1242
226,161,161,3.81,879
227,249,249,4.35,3032
228,816,816,3.82,3855
229,237,237,4.74,839
23,321,321,4.12,1368
230,230,230,3.46,469
231,208,208,3.84,950
232,287,287,4.53,12560
233,271,271,3.96,1357
234,4,4,4.25,4
235,528,528,4.6,2833
236,160,160,4.43,934
237,210,210,4.08,605
238,191,191,4.96,469
239,709,709,4.38,10982
24,132,132,4.13,1159
240,723,723,3.46,1660
241,507,507,4.69,2215
242,171,171,4.67,734
243,175,175,3.49,2430
244,176,176,4.01,243
245,199,199,3.77,1291
246,212,212,3.26,1509
247,312,312,4.35,3174
248,404,404,4.01,1273
249,332,332,3.89,1766
25,187,187,4.27,522
250,470,470,4.54,6262
251,1617,1617,4.51,10708
252,153,153,3.63,3223
253,152,152,3.77,1016
254,548,548,4.59,2876
255,170,170,4.26,1160
256,222,222,3.34,1462
257,331,331,3.89,2131
258,207,207,4.61,820
259,150,150,4.57,848
26,265,265,4.38,1411
260,428,428,3.54,3025
261,211,211,4.51,2768
262,285,285,4.75,2130
263,260,260,3.44,1185
264,478,478,4.78,947
265,266,266,4.81,2107
266,182,182,4.91,869
267,637,637,3.99,8335
268,153,153,3.42,2098
269,158,158,3.9,1435
27,346,346,3.96,1948
270,244,244,4.66,834
271,190,190,3.75,1016
272,256,256,4.81,1313
273,229,229,4.52,4457
274,208,208,4.44,403
275,173,173,3.82,938
276,868,868,4.44,6195
277,529,529,4.52,3301
278,262,262,4.21,1396
279,454,454,4.45,1024
28,195,195,4.45,585
280,366,366,3.57,994
281,363,363,4.37,3423
282,629,629,4.7,1402
283,293,293,3.85,1574
284,292,292,4.23,1593
285,527,527,3.93,2931
286,1054,1054,4.17,3277
287,185,185,3.77,338
288,1217,1217,4.52,17613
289,511,511,4.15,2156
29,328,328,4.47,822
290,187,187,3.93,646
291,153,153,4.63,356
292,251,251,3.74,5890
293,926,926,4.13,13487
294,544,544,4.08,1288
295,821,821,3.92,1384
296,164,164,4.99,985
297,375,375,4.01,1718
298,136,136,4.65,2438
299,911,911,3.97,2740
3,434,434,3.83,3080
30,198,198,4.35,655
300,222,222,4.48,1570
301,318,318,4.17,1642
302,386,386,4.46,697
303,167,167,3.86,703
304,146,146,4.6,288
305,627,627,3.59,2944
306,178,178,4.97,853
307,322,322,3.66,2503
308,152,152,4.34,568
309,181,181,4.78,1548
31,148,148,3.76,1734
310,2754,2754,4.5,71140
311,181,181,4.15,392
312,227,227,4.01,927
313,138,138,3.46,687
314,147,147,4.74,433
315,231,231,4.1,3748
316,196,196,4.35,1557
317,217,217,4.28,2530
318,237,237,3.59,1927
319,241,241,4.45,1972
32,160,160,4.02,448
320,272,272,4.62,2524
321,1018,1018,4.16,15058
322,926,926,3.95,15238
323,147,147,3.73,287
324,495,495,4.58,3416
325,191,191,3.74,2868
326,243,243,4.47,1759
327,314,314,3.31,2522
328,354,354,3.48,1704
329,310,310,4.32,2240
33,167,167,4.06,997
330,500,500,4.41,2040
331,150,150,3.91,4942
332,962,962,4.52,15137
333,161,161,4.65,213
334,651,651,3.52,5268
335,341,341,4.34,2543
336,312,312,4.77,1280
337,240,240,3.87,4320
338,163,163,4.21,572
339,830,830,4.45,8608
34,148,148,4.37,609
340,145,145,4.97,692
341,543,543,4.83,7181
342,228,228,4.5,3162
343,139,139,4.6,254
344,156,156,4.13,605
345,188,188,3.63,1035
346,305,305,3.82,854
347,160,160,4.17,398
348,907,907,4.39,1799
349,1141,1141,4.43,6757
35,86,86,4.02,487
350,156,156,4.54,725
351,183,183,4.45,1370
352,165,165,4.34,891
353,180,180,3.68,1204
354,213,213,4.48,2333
355,401,401,4.53,8436
356,297,297,3.69,1098
357,218,218,3.56,1464
358,187,187,3.96,308
359,739,739,3.54,3331
36,230,230,4.82,1054
360,212,212,3.47,2297
361,59,59,3.85,124
362,224,224,4.42,708
363,148,148,4.37,508
364,344,344,3.6,2909
365,157,157,4.66,1078
366,369,369,3.8,4219
367,312,312,3.72,2781
368,216,216,4.28,1591
369,164,164,4.49,1095
37,237,237,4.33,1534
370,231,231,3.82,3384
371,189,189,4.52,1013
372,168,168,3.67,1358
373,143,143,4.51,586
374,855,855,4.62,6881
375,193,193,4.37,2324
376,340,340,4.1,1808
377,396,396,3.63,1912
378,489,489,4.03,1160
379,157,157,3.46,624
38,233,233,3.9,818
380,180,180,3.84,647
381,203,203,4.53,3307
382,226,226,4.45,923
383,256,256,4.42,1476
384,155,155,4.65,432
385,163,163,4.48,856
386,276,276,4.41,1226
387,155,155,3.8,429
388,149,149,4.15,345
389,427,427,4.17,1067
39,430,430,4.03,3023
390,240,240,3.77,4532
391,328,328,4.43,3559
392,136,136,4.28,963
393,173,173,4.47,542
394,150,150,4.01,2536
395,196,196,3.42,1637
396,253,253,4.6,3703
397,172,172,3.28,1174
398,193,193,4.15,375
399,187,187,4.72,1072
4,329,329,4.23,1788
40,163,163,4.47,1609
400,626,626,3.55,2879
401,595,595,3.66,2258
402,149,149,3.94,541
403,165,165,4.03,809
404,149,149,3.74,1234
405,759,759,3.42,4977
406,632,632,4.52,13431
407,834,834,4.5,5503
408,411,411,4.1,2358
409,485,485,4.07,6823
41,66,66,3.36,682
410,255,255,4.19,2146
411,248,248,3.54,1027
412,462,462,3.63,7360
413,142,142,4.9,715
414,203,203,4.41,1046
415,738,738,4.38,5637
416,172,172,4.03,547
417,151,151,4.79,571
418,340,340,4.16,2004
419,160,160,3.89,1095
42,150,150,4.95,5907
420,392,392,4.64,6955
421,148,148,4.43,1071
422,180,180,3.64,1406
423,164,164,3.84,964
424,153,153,4.83,8133
425,170,170,2.5,877
426,508,508,4.36,1823
427,395,395,4.57,6716
428,147,147,4.66,199
429,978,978,4.47,9267
43,297,297,4.06,2453
430,410,410,4.7,11673
431,410,410,4.76,4884
432,185,185,4.34,681
433,208,208,4.18,2226
434,177,177,4.52,619
435,305,305,3.86,3633
436,618,618,3.35,2097
437,173,173,4.68,2685
438,154,154,3.99,1778
439,178,178,3.99,830
44,265,265,4.17,616
440,426,426,3.9,1717
441,150,150,4.07,581
442,252,252,3.76,1759
443,139,139,4.43,3952
444,162,162,4.47,614
445,151,151,4.23,394
446,464,464,4.12,3873
447,155,155,4.51,252
448,183,183,4.17,758
449,172,172,4.63,1516
45,191,191,3.79,2147
450,190,190,4.51,1800
451,343,343,3.22,2244
452,152,152,4.39,869
453,287,287,4.28,2787
454,188,188,3.49,1149
455,200,200,4.31,1095
456,190,190,4.26,408
457,305,305,4.42,2729
458,359,359,4.52,2051
459,158,158,4.94,1408
46,145,145,4.04,405
460,493,493,4.1,2168
461,190,190,3.95,457
462,168,168,3.24,798
463,158,158,4.49,60
464,145,145,3.85,2513
465,184,184,4.16,1978
466,138,138,4.41,885
467,206,206,4.0,1010
468,153,153,4.14,1019
469,166,166,4.51,1347
47,331,331,3.59,3371
470,259,259,4.05,1654
471,141,141,3.94,482
472,160,160,4.44,1209
473,179,179,4.95,6225
474,146,146,4.25,392
475,230,230,3.6,736
476,182,182,3.55,774
477,155,155,4.63,1508
478,173,173,3.73,805
479,229,229,4.95,3132
48,166,166,3.44,984
480,113,113,4.67,1179
481,338,338,4.8,2316
482,146,146,4.49,1265
483,219,219,4.38,1856
484,276,276,4.37,1374
485,167,167,4.54,423
486,244,244,4.54,1314
487,168,168,3.98,317
488,234,234,4.47,1081
489,267,267,4.17,846
49,173,173,4.57,1811
490,337,337,3.67,1807
491,259,259,4.83,1133
492,201,201,3.59,768
493,550,550,4.96,1691
494,237,237,4.98,421
495,172,172,3.89,1659
496,492,492,4.7,2336
497,606,606,3.84,5860
498,404,404,5.0,10664
499,182,182,4.52,3081
5,210,210,4.35,3960
50,416,416,3.95,2625
500,233,233,4.86,1466
501,383,383,4.35,1806
502,278,278,4.03,1474
503,208,208,3.77,3140
504,189,189,3.43,1081
505,201,201,3.86,1337
506,480,480,4.79,1125
507,269,269,3.06,950
508,168,168,4.02,1022
509,148,148,4.16,585
51,152,152,4.64,496
510,176,176,4.49,295
511,295,295,4.18,2428
512,151,151,4.11,666
513,241,241,4.79,373
514,207,207,3.49,1477
515,192,192,4.78,503
516,151,151,2.54,1771
517,214,214,4.34,695
518,148,148,4.04,1035
519,282,282,4.46,749
52,144,144,3.9,1255
520,177,177,4.03,700
521,342,342,2.45,1790
522,175,175,4.07,707
523,531,531,4.08,1869
524,207,207,4.58,922
525,304,304,4.08,3178
526,276,276,3.18,1385
527,230,230,4.39,835
528,184,184,3.89,3439
529,158,158,4.78,771
53,290,290,4.17,1908
530,1706,1706,4.48,10023
531,267,267,4.33,1596
532,416,416,4.77,3616
533,327,327,4.55,2407
534,300,300,3.6,972
535,349,349,4.39,1015
536,303,303,3.83,850
537,203,203,3.1,697
538,149,149,3.83,1278
539,142,142,4.87,772
54,139,139,4.44,240
540,145,145,4.18,484
541,267,267,4.66,795
542,856,856,3.8,8558
543,164,164,4.63,844
544,168,168,4.01,417
545,159,159,4.29,619
546,271,271,4.31,808
547,131,131,3.82,1279
548,289,289,4.58,3461
549,249,249,3.96,2942
55,285,285,4.34,1283
550,666,666,3.99,4800
551,265,265,4.18,2353
552,205,205,3.66,2191
553,166,166,4.46,226
554,609,609,4.64,5821
555,331,331,4.55,4762
556,230,230,4.9,440
557,159,159,3.69,1016
558,164,164,4.19,971
559,222,222,4.65,1918
56,242,242,4.18,664
560,178,178,3.6,283
561,456,456,4.33,6860
562,182,182,4.09,918
563,371,371,4.65,1957
564,223,223,3.48,1721
565,168,168,3.33,587
566,473,473,4.39,3270
567,178,178,4.97,1147
568,260,260,4.54,651
569,218,218,3.65,1113
57,316,316,4.42,4302
570,180,180,4.48,2862
571,180,180,4.28,917
572,251,251,4.08,842
573,232,232,4.41,1302
574,699,699,4.32,1077
575,232,232,4.83,739
576,190,190,4.11,1848
577,412,412,4.93,2240
578,152,152,3.73,966
579,164,164,3.89,2232
58,173,173,4.46,1125
580,144,144,4.35,879
581,179,179,4.04,797
582,170,170,4.82,950
583,423,423,4.18,4519
584,314,314,4.69,684
585,210,210,4.75,1291
586,252,252,3.29,772
587,177,177,3.73,745
588,187,187,3.49,453
589,186,186,4.68,2196
59,277,277,4.6,1265
590,270,270,4.77,2674
591,338,338,3.14,2495
592,478,478,3.94,1598
593,214,214,4.36,784
594,145,145,4.6,884
595,150,150,3.73,1122
596,404,404,4.01,1983
597,375,375,3.14,3588
598,157,157,4.27,741
599,255,255,4.79,408
6,280,280,4.09,1462
60,174,174,4.72,2566
600,174,174,3.88,479
601,197,197,3.67,1583
602,481,481,3.64,3662
603,220,220,3.38,2942
604,319,319,4.81,11332
605,450,450,3.9,2217
606,1274,1274,4.88,16094
607,156,156,4.03,913
608,140,140,4.65,238
609,278,278,3.93,1528
61,153,153,4.33,701
610,1112,1112,4.36,4181
611,164,164,4.53,735
612,178,178,3.24,877
613,128,128,3.6,1120
614,120,120,4.79,1394
615,138,138,4.99,301
616,204,204,3.96,659
617,299,299,4.29,860
618,683,683,3.8,6869
619,175,175,4.41,1280
62,180,180,3.21,854
620,287,287,4.7,1054
621,136,136,4.68,890
622,229,229,3.47,915
623,517,517,4.3,6337
624,161,161,4.0,378
625,192,192,4.85,1048
626,238,238,4.24,5190
627,434,434,4.73,2458
628,1158,1158,4.72,17838
629,223,223,2.96,1214
63,142,142,3.96,952
630,139,139,4.12,926
631,206,206,3.27,1518
632,151,151,4.89,650
633,138,138,4.22,1138
634,264,264,4.04,1347
635,259,259,4.18,1946
636,384,384,4.05,3185
637,172,172,4.03,900
638,668,668,3.98,2057
639,264,264,3.62,595
64,185,185,3.77,758
640,267,267,4.8,2129
641,219,219,4.05,903
642,181,181,4.46,695
643,232,232,4.19,1144
644,436,436,3.87,4200
645,213,213,4.39,983
646,392,392,4.16,7079
647,172,172,4.19,271
648,615,615,3.83,4488
649,183,183,3.73,374
65,359,359,4.23,2230
650,215,215,4.51,3083
651,153,153,4.85,613
652,219,219,4.09,1022
653,530,530,4.21,1746
654,278,278,4.24,1207
655,254,254,3.97,400
656,345,345,3.89,1053
657,147,147,3.9,661
658,247,247,3.76,829
659,194,194,2.34,907
66,172,172,3.63,1265
660,160,160,4.24,235
661,312,312,3.69,540
662,558,558,4.84,3668
663,159,159,3.87,1612
664,164,164,4.66,386
665,664,664,4.42,4834
666,223,223,3.57,1356
667,303,303,4.25,933
668,297,297,4.52,3128
669,465,465,3.46,2118
67,165,165,4.24,510
670,242,242,4.39,1685
671,239,239,4.37,2229
672,169,169,3.54,1442
673,266,266,3.7,444
674,200,200,4.12,1748
675,430,430,4.05,1945
676,385,385,4.17,5358
677,138,138,3.86,1659
678,586,586,4.24,2068
679,501,501,4.41,12286
68,196,196,4.68,1416
680,294,294,4.36,830
681,556,556,4.51,6927
682,515,515,3.98,5785
683,219,219,4.05,965
684,148,148,4.36,421
685,215,215,4.06,799
686,180,180,4.91,1031
687,182,182,4.34,1447
688,208,208,4.54,1192
689,570,570,3.36,9801
69,183,183,4.14,875
690,582,582,4.69,1917
691,358,358,3.89,823
692,307,307,4.75,1997
693,149,149,4.58,2482
694,233,233,4.61,1337
695,827,827,4.37,5647
696,143,143,4.24,239
697,362,362,4.06,1383
698,146,146,3.33,474
699,196,196,4.54,3329
7,224,224,4.32,1905
70,7530,7530,5.0,45071
700,153,153,4.16,1317
701,266,266,4.0,2635
702,264,264,4.47,1092
703,231,231,3.15,1176
704,620,620,4.22,3273
705,225,225,4.79,1027
706,290,290,4.71,1989
707,567,567,4.52,18893
708,213,213,3.3,5820
709,341,341,4.16,1101
71,313,313,3.97,1049
710,232,232,4.9,2373
711,340,340,3.64,2509
712,181,181,4.76,449
713,330,330,4.23,1086
714,268,268,4.38,1151
715,210,210,3.81,2070
716,184,184,3.14,2895
717,152,152,3.16,2878
718,311,311,4.55,2227
719,591,591,4.39,5162
72,156,156,4.55,2271
720,140,140,2.46,1364
721,190,190,4.75,3604
722,787,787,3.99,8187
723,423,423,2.93,1874
724,276,276,4.46,6272
725,414,414,4.0,3649
726,1088,1088,3.24,8130
727,1240,1240,3.99,8316
728,210,210,4.73,1934
729,203,203,4.14,2650
73,269,269,4.19,779
730,299,299,4.58,3204
731,206,206,4.41,613
732,215,215,4.95,670
733,162,162,4.64,3700
734,208,208,4.43,3050
735,190,190,4.31,520
736,222,222,4.08,1160
737,271,271,3.94,1184
738,675,675,4.04,3193
739,269,269,3.17,753
74,182,182,3.34,864
740,149,149,3.58,2954
741,405,405,4.29,4567
742,198,198,3.39,533
743,179,179,4.87,586
744,261,261,4.3,2931
745,169,169,4.61,3623
746,297,297,3.95,2484
747,653,653,4.27,3409
748,282,282,3.94,1938
749,162,162,3.85,651
75,143,143,4.35,464
750,353,353,4.33,2405
751,156,156,4.19,288
752,194,194,4.37,1293
753,275,275,3.32,2866
754,156,156,3.97,706
755,157,157,4.37,1113
756,154,154,4.49,1691
757,163,163,3.94,1006
758,239,239,3.61,1614
759,242,242,4.37,816
76,981,981,3.46,5106
760,158,158,4.08,650
761,410,410,4.38,1843
762,246,246,4.24,847
763,139,139,4.16,402
764,150,150,4.45,1393
765,223,223,4.4,956
766,146,146,4.19,533
767,153,153,3.3,1040
768,474,474,4.73,2700
769,187,187,4.14,581
77,200,200,4.64,727
770,295,295,3.46,3548
771,185,185,3.81,979
772,273,273,4.25,764
773,306,306,4.51,2793
774,149,149,4.25,455
775,237,237,4.11,2038
776,169,169,4.02,361
777,177,177,3.97,1018
778,146,146,3.77,893
779,554,554,4.51,3270
78,273,273,4.92,5409
780,178,178,3.93,1365
781,142,142,4.51,2117
782,173,173,4.08,535
783,328,328,3.95,3828
784,387,387,3.86,5057
785,27,27,3.48,37
786,258,258,4.02,2055
787,949,949,3.82,4446
788,142,142,4.51,720
789,355,355,3.78,3080
79,258,258,4.53,2901
790,176,176,3.54,2205
791,187,187,4.56,1864
792,311,311,4.71,2374
793,559,559,4.48,4060
794,176,176,4.77,965
795,176,176,3.71,765
796,156,156,4.04,532
797,460,460,4.47,4186
798,186,186,4.21,535
799,190,190,4.53,797
8,313,313,3.76,1304
80,278,278,4.14,2320
800,140,140,4.16,496
801,458,458,4.03,814
802,173,173,4.29,1059
803,173,173,4.2,565
804,161,161,3.8,972
805,544,544,3.36,2368
806,180,180,4.8,1030
807,199,199,4.02,889
808,183,183,4.55,775
809,233,233,4.48,1793
81,229,229,3.23,1649
810,236,236,4.28,1743
811,270,270,4.53,757
812,367,367,4.75,2292
813,151,151,4.58,4145
814,140,140,3.49,616
815,151,151,4.41,525
816,169,169,4.35,736
817,152,152,3.95,1520
818,465,465,4.06,2929
819,166,166,4.07,750
82,243,243,3.71,526
820,247,247,4.7,525
821,401,401,4.21,1136
822,190,190,4.29,717
823,143,143,4.01,412
824,145,145,3.3,1033
825,244,244,4.66,2978
826,149,149,4.32,840
827,175,175,3.47,1318
828,489,489,3.96,1999
829,264,264,4.19,5677
83,194,194,4.81,4373
830,145,145,4.2,405
831,158,158,4.7,1649
832,146,146,3.96,414
833,148,148,4.41,1220
834,185,185,4.31,3239
835,147,147,4.5,644
836,218,218,4.11,1112
837,211,211,4.17,674
838,173,173,3.94,817
839,168,168,4.58,1707
84,309,309,4.02,1157
840,229,229,3.63,1352
841,236,236,4.25,308
842,167,167,3.78,1859
843,145,145,4.94,669
844,211,211,4.64,1906
845,415,415,4.2,420
846,172,172,3.91,1126
847,257,257,4.28,3456
848,260,260,4.22,1299
849,184,184,4.03,2529
85,251,251,3.41,1510
850,161,161,4.43,978
851,213,213,4.72,1759
852,222,222,3.79,2072
853,163,163,4.2,1261
854,174,174,4.53,557
855,156,156,4.31,519
856,380,380,3.6,2550
857,176,176,4.07,1410
858,162,162,3.2,1321
859,197,197,3.8,1310
86,360,360,3.94,4006
860,160,160,4.34,499
861,225,225,4.25,3602
862,209,209,3.8,2304
863,270,270,4.49,2025
864,168,168,4.45,562
865,238,238,4.34,703
866,152,152,4.38,329
867,165,165,4.22,1653
868,148,148,3.8,785
869,494,494,4.43,1960
87,182,182,3.81,439
870,190,190,2.36,1891
871,171,171,3.58,1038
872,389,389,4.38,2264
873,167,167,3.89,577
874,4855,4855,4.41,49962
875,129,129,4.51,450
876,215,215,4.08,514
877,304,304,4.18,2195
878,265,265,3.8,2389
879,189,189,3.83,595
88,493,493,3.7,2194
880,504,504,4.23,4116
881,246,246,3.76,2677
882,358,358,4.94,9632
883,156,156,4.42,804
884,207,207,4.83,713
885,230,230,4.46,3282
886,161,161,4.59,301
887,148,148,4.8,957
888,400,400,4.37,3449
889,1517,1517,4.57,17733
89,226,226,3.97,1044
890,140,140,4.21,612
891,241,241,5.0,521
892,143,143,4.64,964
893,207,207,3.92,1806
894,321,321,4.09,3659
895,354,354,3.87,1053
896,279,279,3.73,1805
897,220,220,3.99,1448
898,1039,1039,4.56,5805
899,371,371,4.05,1062
9,325,325,3.76,2573
90,164,164,4.9,4388
900,226,226,3.86,2014
901,175,175,4.58,2412
902,216,216,3.61,1495
903,154,154,4.71,410
904,180,180,4.16,1871
905,250,250,4.32,1636
906,188,188,4.39,753
907,327,327,4.69,2548
908,150,150,4.45,557
909,423,423,4.06,3770
91,211,211,4.31,1381
910,329,329,4.49,1453
911,283,283,4.81,4617
912,369,369,3.8,1996
913,166,166,4.3,228
914,181,181,3.83,626
915,172,172,4.77,688
916,373,373,4.14,2452
917,176,176,4.6,714
918,210,210,4.55,4012
919,218,218,4.17,418
92,141,141,4.43,2761
920,203,203,4.65,4161
921,154,154,3.78,718
922,1250,1250,4.64,6433
923,147,147,4.3,1647
924,301,301,4.01,1409
925,160,160,4.6,659
926,610,610,3.45,4414
927,152,152,4.53,410
928,182,182,4.46,775
929,154,154,4.6,551
93,134,134,3.85,418
930,302,302,4.64,1244
931,260,260,3.8,591
932,179,179,3.54,1286
933,144,144,4.01,1338
934,516,516,3.65,1021
935,164,164,4.32,1982
936,164,164,4.58,682
937,138,138,4.68,862
938,901,901,4.16,4250
939,336,336,4.01,4552
94,1338,1338,4.84,5247
940,191,191,3.69,805
941,430,430,4.16,2407
942,690,690,4.32,8424
943,165,165,3.99,704
944,232,232,4.06,1892
945,254,254,4.86,2426
946,170,170,3.96,1888
947,167,167,4.14,920
948,170,170,3.73,1144
949,144,144,3.95,1528
95,192,192,3.74,783
950,238,238,4.3,1906
951,484,484,4.15,1816
952,219,219,4.23,2493
953,145,145,4.26,890
954,232,232,4.85,575
955,295,295,4.52,1994
956,190,190,4.78,1322
957,142,142,3.56,493
958,261,261,4.16,586
959,362,362,4.65,907
96,144,144,4.56,377
960,257,257,3.33,970
961,206,206,4.04,962
962,255,255,3.96,1799
963,161,161,4.71,129
964,331,331,4.47,2364
965,203,203,4.78,2610
966,176,176,4.57,909
967,141,141,3.45,242
968,274,274,3.89,2302
969,306,306,4.41,785
97,249,249,3.78,2203
970,998,998,5.0,4917
971,379,379,4.29,2639
972,172,172,4.34,374
973,389,389,4.06,3874
974,164,164,3.85,3193
975,256,256,4.33,2073
976,165,165,4.55,410
977,226,226,4.66,480
978,345,345,4.44,1632
979,214,214,4.41,2918
98,148,148,4.53,746
980,172,172,3.39,1166
981,154,154,4.69,1682
982,1065,1065,4.2,15233
983,249,249,2.72,2232
984,146,146,3.59,648
985,484,484,4.92,5233
986,498,498,4.73,7167
987,152,152,4.48,4273
988,854,854,4.86,7625
989,416,416,4.54,3450
99,151,151,4.26,682
990,160,160,4.24,2759
991,186,186,3.92,2391
992,593,593,4.44,5530
993,212,212,3.83,1106
994,151,151,4.07,329
995,240,240,4.67,2410
996,256,256,4.18,1097
997,300,300,4.53,1610
998,491,491,4.18,1661
999,360,360,4.49,1750
